,Gold_Price,Real_Interest_Rate
2015-10-19,1172.8,0.59
2015-10-20,1177.5,0.6
2015-10-21,1167.1,0.59
2015-10-22,1166.1,0.57
2015-10-23,1162.8,0.58
2015-10-26,1166.2,0.59
2015-10-27,1165.8,0.57
2015-10-28,1176.1,0.63
2015-10-29,1147.3,0.67
2015-10-30,1141.4,0.63
2015-11-02,1135.9,0.65
2015-11-03,1114.1,0.65
2015-11-04,1106.2,0.68
2015-11-05,1104.2,0.71
2015-11-06,1087.7,0.75
2015-11-09,1088.1,0.76
2015-11-10,1088.5,0.77
2015-11-12,1081.0,0.78
2015-11-13,1080.9,0.76
2015-11-16,1083.6,0.76
2015-11-17,1068.6,0.72
2015-11-18,1068.7,0.71
2015-11-19,1078.1,0.68
2015-11-20,1076.3,0.66
2015-11-23,1066.6,0.64
2015-11-24,1073.3,0.62
2015-11-25,1069.7,0.62
2015-11-27,1056.2,0.62
2015-11-30,1065.3,0.62
2015-12-01,1063.5,0.58
2015-12-02,1053.8,0.62
2015-12-03,1061.2,0.72
2015-12-04,1084.1,0.68
2015-12-07,1075.2,0.67
2015-12-08,1075.3,0.68
2015-12-09,1076.5,0.69
2015-12-10,1072.0,0.73
2015-12-11,1075.7,0.67
2015-12-14,1063.4,0.78
2015-12-15,1061.6,0.8
2015-12-16,1076.8,0.84
2015-12-17,1049.6,0.77
2015-12-18,1065.0,0.73
2015-12-21,1080.6,0.75
2015-12-22,1074.1,0.78
2015-12-23,1068.3,0.76
2015-12-24,1075.9,0.73
2015-12-28,1068.3,0.74
2015-12-29,1068.0,0.79
2015-12-30,1059.8,0.77
2015-12-31,1060.2,0.73
2016-01-04,1075.2,0.69
2016-01-05,1078.4,0.69
2016-01-06,1091.9,0.65
2016-01-07,1107.8,0.66
2016-01-08,1097.9,0.65
2016-01-11,1096.2,0.72
2016-01-12,1085.2,0.69
2016-01-13,1087.1,0.65
2016-01-14,1073.6,0.67
2016-01-15,1090.7,0.67
2016-01-19,1089.1,0.68
2016-01-20,1106.2,0.69
2016-01-21,1098.2,0.74
2016-01-22,1096.3,0.72
2016-01-25,1105.6,0.69
2016-01-26,1120.6,0.65
2016-01-27,1116.3,0.62
2016-01-28,1116.1,0.58
2016-01-29,1116.4,0.53
2016-02-01,1128.0,0.57
2016-02-02,1127.2,0.51
2016-02-03,1141.3,0.5
2016-02-04,1157.5,0.51
2016-02-05,1157.7,0.53
2016-02-08,1197.9,0.52
2016-02-09,1198.6,0.53
2016-02-10,1194.6,0.5
2016-02-11,1247.8,0.45
2016-02-12,1239.4,0.49
2016-02-16,1208.2,0.53
2016-02-17,1211.4,0.53
2016-02-18,1226.3,0.51
2016-02-19,1230.8,0.5
2016-02-22,1210.1,0.46
2016-02-23,1222.6,0.42
2016-02-24,1239.1,0.39
2016-02-25,1238.8,0.32
2016-02-26,1220.4,0.35
2016-02-29,1234.4,0.32
2016-03-01,1230.8,0.35
2016-03-02,1241.8,0.33
2016-03-03,1258.2,0.3
2016-03-04,1270.7,0.37
2016-03-07,1264.0,0.43
2016-03-08,1262.9,0.37
2016-03-09,1257.4,0.39
2016-03-10,1272.8,0.45
2016-03-11,1259.4,0.44
2016-03-14,1245.1,0.45
2016-03-15,1231.0,0.47
2016-03-16,1229.8,0.36
2016-03-17,1265.0,0.34
2016-03-18,1254.3,0.27
2016-03-21,1244.2,0.28
2016-03-22,1250.3,0.31
2016-03-23,1225.6,0.3
2016-03-24,1223.5,0.34
2016-03-28,1222.0,0.33
2016-03-29,1237.5,0.2
2016-03-30,1228.6,0.18
2016-03-31,1235.6,0.16
2016-04-01,1223.5,0.17
2016-04-04,1219.3,0.14
2016-04-05,1229.6,0.14
2016-04-06,1223.8,0.17
2016-04-07,1237.5,0.12
2016-04-08,1243.8,0.14
2016-04-11,1258.0,0.17
2016-04-12,1260.9,0.22
2016-04-13,1248.3,0.21
2016-04-14,1226.5,0.24
2016-04-15,1234.6,0.2
2016-04-18,1235.0,0.21
2016-04-19,1254.3,0.19
2016-04-20,1254.4,0.23
2016-04-21,1250.3,0.24
2016-04-22,1230.0,0.25
2016-04-25,1240.2,0.26
2016-04-26,1243.4,0.27
2016-04-27,1250.4,0.19
2016-04-28,1266.4,0.12
2016-04-29,1290.5,0.12
2016-05-02,1295.8,0.2
2016-05-03,1291.8,0.17
2016-05-04,1274.4,0.16
2016-05-05,1272.3,0.13
2016-05-06,1294.0,0.18
2016-05-09,1266.6,0.18
2016-05-10,1264.8,0.15
2016-05-11,1275.5,0.14
2016-05-12,1271.2,0.15
2016-05-13,1272.7,0.13
2016-05-16,1274.2,0.15
2016-05-17,1276.9,0.15
2016-05-18,1274.4,0.26
2016-05-19,1254.8,0.29
2016-05-20,1252.9,0.29
2016-05-23,1254.9,0.3
2016-05-24,1232.2,0.31
2016-05-25,1226.6,0.29
2016-05-26,1222.7,0.25
2016-05-27,1216.7,0.27
2016-05-31,1217.5,0.3
2016-06-01,1214.7,0.31
2016-06-02,1212.6,0.27
2016-06-03,1242.9,0.19
2016-06-06,1247.4,0.19
2016-06-07,1247.0,0.15
2016-06-08,1262.3,0.12
2016-06-09,1272.7,0.12
2016-06-10,1275.9,0.12
2016-06-13,1286.9,0.15
2016-06-14,1288.1,0.17
2016-06-15,1288.3,0.13
2016-06-16,1298.4,0.15
2016-06-17,1294.8,0.2
2016-06-20,1292.1,0.24
2016-06-21,1272.5,0.28
2016-06-22,1270.0,0.25
2016-06-23,1263.1,0.24
2016-06-24,1322.4,0.15
2016-06-27,1324.7,0.12
2016-06-28,1317.9,0.09
2016-06-29,1326.9,0.1
2016-06-30,1320.6,0.09
2016-07-01,1339.0,0.03
2016-07-05,1358.7,-0.03
2016-07-06,1367.1,-0.05
2016-07-07,1362.1,-0.03
2016-07-08,1358.4,-0.06
2016-07-11,1356.6,0.01
2016-07-12,1335.3,0.07
2016-07-13,1343.6,0.03
2016-07-14,1332.2,0.08
2016-07-15,1327.4,0.11
2016-07-18,1329.3,0.1
2016-07-19,1332.3,0.12
2016-07-20,1319.3,0.13
2016-07-21,1338.9,0.05
2016-07-22,1331.5,0.06
2016-07-25,1327.2,0.08
2016-07-26,1328.3,0.07
2016-07-27,1334.5,0.03
2016-07-28,1341.2,0.0
2016-07-29,1357.5,-0.03
2016-08-01,1359.6,0.05
2016-08-02,1372.6,0.11
2016-08-03,1364.7,0.09
2016-08-04,1367.4,0.04
2016-08-05,1344.4,0.09
2016-08-08,1341.3,0.08
2016-08-09,1346.7,0.06
2016-08-10,1351.9,0.06
2016-08-11,1350.0,0.1
2016-08-12,1343.2,0.07
2016-08-15,1347.5,0.1
2016-08-16,1356.9,0.13
2016-08-17,1348.8,0.09
2016-08-18,1357.2,0.06
2016-08-19,1346.2,0.1
2016-08-22,1343.4,0.08
2016-08-23,1346.1,0.07
2016-08-24,1329.7,0.08
2016-08-25,1324.6,0.09
2016-08-26,1325.9,0.15
2016-08-29,1327.1,0.11
2016-08-30,1316.5,0.11
2016-08-31,1311.4,0.11
2016-09-01,1317.1,0.12
2016-09-02,1326.7,0.13
2016-09-06,1354.0,0.06
2016-09-07,1349.2,0.03
2016-09-08,1341.6,0.09
2016-09-09,1334.5,0.17
2016-09-12,1325.6,0.17
2016-09-13,1323.7,0.24
2016-09-14,1326.1,0.21
2016-09-15,1318.0,0.22
2016-09-16,1310.2,0.19
2016-09-19,1317.8,0.2
2016-09-20,1318.2,0.2
2016-09-21,1331.4,0.15
2016-09-22,1344.7,0.08
2016-09-23,1341.7,0.05
2016-09-26,1344.1,0.05
2016-09-27,1330.4,0.04
2016-09-28,1323.7,0.01
2016-09-29,1326.0,0.02
2016-09-30,1317.1,0.0
2016-10-03,1312.7,0.0
2016-10-04,1269.7,0.07
2016-10-05,1268.6,0.1
2016-10-06,1253.0,0.11
2016-10-07,1251.9,0.1
2016-10-11,1255.9,0.13
2016-10-12,1253.8,0.15
2016-10-13,1257.6,0.12
2016-10-14,1255.5,0.13
2016-10-17,1256.6,0.09
2016-10-18,1262.9,0.09
2016-10-19,1269.9,0.08
2016-10-20,1267.5,0.08
2016-10-21,1267.7,0.07
2016-10-24,1263.7,0.11
2016-10-25,1273.6,0.07
2016-10-26,1266.6,0.08
2016-10-27,1269.5,0.13
2016-10-28,1276.8,0.13
2016-10-31,1273.1,0.11
2016-11-01,1288.0,0.11
2016-11-02,1308.2,0.11
2016-11-03,1303.3,0.14
2016-11-04,1304.5,0.11
2016-11-07,1279.4,0.12
2016-11-08,1274.5,0.15
2016-11-09,1273.5,0.25
2016-11-10,1266.4,0.27
2016-11-14,1221.7,0.4
2016-11-15,1224.5,0.41
2016-11-16,1223.9,0.39
2016-11-17,1216.9,0.42
2016-11-18,1208.7,0.44
2016-11-21,1209.8,0.42
2016-11-22,1214.1,0.41
2016-11-23,1192.4,0.44
2016-11-25,1181.0,0.47
2016-11-28,1193.8,0.47
2016-11-29,1190.8,0.44
2016-11-30,1173.9,0.43
2016-12-01,1169.4,0.48
2016-12-02,1177.8,0.49
2016-12-05,1176.5,0.45
2016-12-06,1170.1,0.44
2016-12-07,1177.5,0.42
2016-12-08,1172.4,0.45
2016-12-09,1161.9,0.51
2016-12-12,1165.8,0.51
2016-12-13,1159.0,0.53
2016-12-14,1163.7,0.6
2016-12-15,1129.8,0.7
2016-12-16,1137.4,0.74
2016-12-19,1142.7,0.68
2016-12-20,1133.6,0.67
2016-12-21,1133.2,0.64
2016-12-22,1130.7,0.6
2016-12-23,1133.6,0.58
2016-12-27,1138.8,0.58
2016-12-28,1140.9,0.56
2016-12-29,1158.1,0.55
2016-12-30,1151.7,0.5
2017-01-03,1162.0,0.47
2017-01-04,1165.3,0.47
2017-01-05,1181.3,0.42
2017-01-06,1173.4,0.46
2017-01-09,1184.9,0.43
2017-01-10,1185.5,0.43
2017-01-11,1196.6,0.39
2017-01-12,1199.8,0.38
2017-01-13,1196.2,0.41
2017-01-17,1212.9,0.36
2017-01-18,1212.1,0.42
2017-01-19,1201.5,0.43
2017-01-20,1204.9,0.44
2017-01-23,1218.5,0.39
2017-01-24,1213.6,0.41
2017-01-25,1200.5,0.45
2017-01-26,1192.5,0.43
2017-01-27,1191.1,0.41
2017-01-30,1196.0,0.42
2017-01-31,1211.4,0.4
2017-02-01,1208.3,0.43
2017-02-02,1219.4,0.43
2017-02-03,1220.8,0.44
2017-02-06,1232.1,0.4
2017-02-07,1236.1,0.4
2017-02-08,1239.5,0.38
2017-02-09,1236.8,0.41
2017-02-10,1235.9,0.4
2017-02-13,1225.8,0.43
2017-02-14,1225.4,0.46
2017-02-15,1233.1,0.45
2017-02-16,1241.6,0.43
2017-02-17,1239.1,0.41
2017-02-21,1238.9,0.4
2017-02-22,1233.3,0.38
2017-02-23,1251.4,0.35
2017-02-24,1258.3,0.31
2017-02-27,1258.8,0.35
2017-02-28,1253.9,0.34
2017-03-01,1250.0,0.43
2017-03-02,1232.9,0.48
2017-03-03,1226.5,0.45
2017-03-06,1225.5,0.48
2017-03-07,1216.1,0.49
2017-03-08,1209.4,0.56
2017-03-09,1203.2,0.6
2017-03-10,1201.4,0.57
2017-03-13,1203.1,0.61
2017-03-14,1202.6,0.61
2017-03-15,1200.7,0.5
2017-03-16,1227.1,0.51
2017-03-17,1230.2,0.49
2017-03-20,1234.0,0.47
2017-03-21,1249.6,0.45
2017-03-22,1252.8,0.43
2017-03-23,1250.1,0.46
2017-03-24,1251.7,0.42
2017-03-27,1258.8,0.41
2017-03-28,1258.8,0.45
2017-03-29,1256.8,0.41
2017-03-30,1248.0,0.46
2017-03-31,1251.2,0.43
2017-04-03,1254.0,0.39
2017-04-04,1258.4,0.4
2017-04-05,1248.5,0.37
2017-04-06,1253.3,0.39
2017-04-07,1257.3,0.44
2017-04-10,1253.9,0.44
2017-04-11,1274.2,0.41
2017-04-12,1278.1,0.38
2017-04-13,1288.5,0.32
2017-04-17,1291.9,0.38
2017-04-18,1294.1,0.33
2017-04-19,1283.4,0.36
2017-04-20,1283.8,0.39
2017-04-21,1289.1,0.4
2017-04-24,1277.5,0.41
2017-04-25,1267.2,0.44
2017-04-26,1264.2,0.42
2017-04-27,1265.9,0.39
2017-04-28,1268.3,0.37
2017-05-01,1255.5,0.41
2017-05-02,1257.0,0.41
2017-05-03,1248.5,0.46
2017-05-04,1228.6,0.5
2017-05-05,1226.9,0.5
2017-05-08,1227.1,0.53
2017-05-09,1216.1,0.56
2017-05-10,1218.9,0.56
2017-05-11,1224.2,0.51
2017-05-12,1227.7,0.49
2017-05-15,1230.0,0.52
2017-05-16,1236.4,0.51
2017-05-17,1258.7,0.44
2017-05-18,1252.8,0.43
2017-05-19,1253.6,0.41
2017-05-22,1261.4,0.43
2017-05-23,1258.9,0.46
2017-05-24,1256.5,0.45
2017-05-25,1259.8,0.45
2017-05-26,1271.4,0.44
2017-05-30,1265.7,0.4
2017-05-31,1275.4,0.4
2017-06-01,1270.1,0.4
2017-06-02,1280.2,0.36
2017-06-05,1282.7,0.39
2017-06-06,1297.5,0.37
2017-06-07,1293.2,0.4
2017-06-08,1279.5,0.41
2017-06-09,1271.4,0.43
2017-06-12,1268.9,0.46
2017-06-13,1268.6,0.46
2017-06-14,1275.9,0.44
2017-06-15,1254.6,0.49
2017-06-16,1256.5,0.49
2017-06-19,1246.7,0.52
2017-06-20,1243.5,0.5
2017-06-21,1245.8,0.5
2017-06-22,1249.4,0.46
2017-06-23,1256.4,0.45
2017-06-26,1246.4,0.43
2017-06-27,1246.9,0.5
2017-06-28,1249.1,0.49
2017-06-29,1245.8,0.55
2017-06-30,1242.3,0.58
2017-07-03,1219.2,0.6
2017-07-05,1221.7,0.58
2017-07-06,1223.3,0.61
2017-07-07,1209.7,0.66
2017-07-10,1213.2,0.66
2017-07-11,1214.7,0.62
2017-07-12,1219.1,0.57
2017-07-13,1217.3,0.58
2017-07-14,1227.5,0.57
2017-07-17,1233.7,0.54
2017-07-18,1241.9,0.51
2017-07-19,1248.8,0.51
2017-07-20,1252.1,0.5
2017-07-21,1261.0,0.48
2017-07-24,1260.7,0.48
2017-07-25,1258.5,0.52
2017-07-26,1255.6,0.49
2017-07-27,1266.5,0.49
2017-07-28,1275.3,0.47
2017-07-31,1273.4,0.48
2017-08-01,1279.4,0.47
2017-08-02,1278.4,0.48
2017-08-03,1274.4,0.46
2017-08-04,1264.6,0.47
2017-08-07,1264.7,0.46
2017-08-08,1262.6,0.46
2017-08-09,1279.3,0.42
2017-08-10,1290.1,0.4
2017-08-11,1294.0,0.4
2017-08-14,1290.4,0.45
2017-08-15,1279.7,0.49
2017-08-16,1282.9,0.45
2017-08-17,1292.4,0.42
2017-08-18,1291.6,0.43
2017-08-21,1296.7,0.43
2017-08-22,1291.0,0.45
2017-08-23,1294.7,0.42
2017-08-24,1292.0,0.44
2017-08-25,1297.9,0.42
2017-08-28,1315.3,0.41
2017-08-29,1318.9,0.39
2017-08-30,1314.1,0.39
2017-08-31,1322.2,0.36
2017-09-01,1330.4,0.37
2017-09-05,1344.5,0.3
2017-09-06,1339.0,0.32
2017-09-07,1350.3,0.26
2017-09-08,1351.2,0.25
2017-09-11,1335.7,0.31
2017-09-12,1332.7,0.33
2017-09-13,1328.0,0.35
2017-09-14,1329.3,0.35
2017-09-15,1325.2,0.35
2017-09-18,1310.8,0.36
2017-09-19,1310.6,0.37
2017-09-20,1316.4,0.43
2017-09-21,1294.8,0.44
2017-09-22,1297.5,0.42
2017-09-25,1311.5,0.38
2017-09-26,1301.7,0.4
2017-09-27,1287.8,0.44
2017-09-28,1288.7,0.44
2017-09-29,1284.8,0.49
2017-10-02,1275.8,0.51
2017-10-03,1274.6,0.49
2017-10-04,1276.8,0.48
2017-10-05,1273.2,0.49
2017-10-06,1274.9,0.5
2017-10-10,1293.8,0.47
2017-10-11,1288.9,0.46
2017-10-12,1296.5,0.44
2017-10-13,1304.6,0.43
2017-10-16,1303.0,0.46
2017-10-17,1286.2,0.48
2017-10-18,1283.0,0.5
2017-10-19,1290.0,0.49
2017-10-20,1280.5,0.52
2017-10-23,1280.9,0.52
2017-10-24,1278.3,0.55
2017-10-25,1279.0,0.56
2017-10-26,1269.6,0.57
2017-10-27,1271.8,0.54
2017-10-30,1277.7,0.5
2017-10-31,1270.5,0.5
2017-11-01,1277.3,0.49
2017-11-02,1278.1,0.48
2017-11-03,1269.2,0.48
2017-11-06,1281.6,0.46
2017-11-07,1275.8,0.44
2017-11-08,1283.7,0.45
2017-11-09,1287.5,0.46
2017-11-10,1274.2,0.52
2017-11-13,1278.9,0.52
2017-11-14,1282.9,0.51
2017-11-15,1277.7,0.48
2017-11-16,1278.2,0.53
2017-11-17,1283.85,0.49
2017-11-20,1292.35,0.52
2017-11-21,1280.0,0.52
2017-11-22,1283.95,0.48
2017-11-24,1289.15,0.5
2017-11-27,1294.7,0.49
2017-11-28,1293.9,0.5
2017-11-29,1294.85,0.53
2017-11-30,1282.15,0.56
2017-12-01,1277.25,0.51
2017-12-04,1279.1,0.5
2017-12-05,1275.9,0.5
2017-12-06,1268.55,0.47
2017-12-07,1256.8,0.5
2017-12-08,1245.85,0.5
2017-12-11,1251.4,0.51
2017-12-12,1243.4,0.51
2017-12-13,1241.6,0.48
2017-12-14,1255.6,0.48
2017-12-15,1257.25,0.47
2017-12-18,1258.65,0.5
2017-12-19,1263.1,0.55
2017-12-20,1265.95,0.57
2017-12-21,1265.85,0.55
2017-12-22,1268.05,0.54
2017-12-27,1285.4,0.48
2017-12-28,1291.6,0.47
2017-12-29,1296.5,0.44
2018-01-02,1312.8,0.46
2018-01-03,1314.6,0.46
2018-01-04,1313.7,0.45
2018-01-05,1317.9,0.46
2018-01-08,1318.8,0.47
2018-01-09,1314.95,0.52
2018-01-10,1321.65,0.52
2018-01-11,1319.85,0.54
2018-01-12,1332.9,0.54
2018-01-16,1334.95,0.51
2018-01-17,1337.35,0.53
2018-01-18,1329.75,0.57
2018-01-19,1335.8,0.58
2018-01-22,1334.15,0.6
2018-01-23,1337.1,0.57
2018-01-24,1350.5,0.58
2018-01-25,1360.25,0.56
2018-01-26,1354.35,0.57
2018-01-29,1348.4,0.61
2018-01-30,1345.7,0.63
2018-01-31,1343.35,0.61
2018-02-01,1341.1,0.67
2018-02-02,1345.0,0.7
2018-02-05,1337.1,0.67
2018-02-06,1344.65,0.69
2018-02-07,1328.5,0.74
2018-02-08,1311.05,0.76
2018-02-09,1316.05,0.78
2018-02-12,1321.7,0.79
2018-02-13,1329.4,0.78
2018-02-14,1330.75,0.82
2018-02-15,1353.7,0.79
2018-02-16,1358.6,0.78
2018-02-20,1337.4,0.78
2018-02-21,1328.6,0.82
2018-02-22,1323.5,0.81
2018-02-23,1328.9,0.76
2018-02-26,1339.05,0.73
2018-02-27,1332.75,0.77
2018-02-28,1320.3,0.75
2018-03-01,1311.25,0.71
2018-03-02,1316.75,0.74
2018-03-05,1326.3,0.75
2018-03-06,1324.95,0.76
2018-03-07,1332.5,0.76
2018-03-08,1325.4,0.75
2018-03-09,1319.35,0.78
2018-03-12,1317.25,0.77
2018-03-13,1318.7,0.75
2018-03-14,1324.95,0.74
2018-03-15,1323.35,0.74
2018-03-16,1320.05,0.77
2018-03-19,1311.7,0.77
2018-03-20,1312.75,0.81
2018-03-21,1316.35,0.8
2018-03-22,1328.85,0.75
2018-03-23,1342.35,0.75
2018-03-26,1348.4,0.77
2018-03-27,1350.65,0.71
2018-03-28,1341.05,0.72
2018-03-29,1323.9,0.69
2018-04-03,1336.6,0.71
2018-04-04,1343.15,0.71
2018-04-05,1327.05,0.75
2018-04-06,1325.6,0.7
2018-04-09,1328.5,0.71
2018-04-10,1335.95,0.72
2018-04-11,1345.2,0.68
2018-04-12,1345.9,0.7
2018-04-13,1340.75,0.69
2018-04-16,1344.4,0.71
2018-04-17,1342.95,0.68
2018-04-18,1346.55,0.71
2018-04-19,1347.9,0.75
2018-04-20,1340.15,0.79
2018-04-23,1328.0,0.8
2018-04-24,1327.35,0.83
2018-04-25,1325.7,0.86
2018-04-26,1321.9,0.82
2018-04-27,1317.7,0.79
2018-04-30,1316.25,0.78
2018-05-01,1309.2,0.81
2018-05-02,1310.75,0.8
2018-05-03,1313.3,0.78
2018-05-04,1309.35,0.79
2018-05-08,1310.05,0.81
2018-05-09,1306.85,0.82
2018-05-10,1314.8,0.8
2018-05-11,1324.8,0.82
2018-05-14,1320.7,0.85
2018-05-15,1310.05,0.9
2018-05-16,1291.75,0.92
2018-05-17,1288.85,0.95
2018-05-18,1287.2,0.91
2018-05-21,1285.85,0.9
2018-05-22,1293.9,0.91
2018-05-23,1294.0,0.87
2018-05-24,1296.35,0.86
2018-05-25,1303.95,0.84
2018-05-29,1302.05,0.73
2018-05-30,1298.6,0.78
2018-05-31,1303.5,0.76
2018-06-01,1299.15,0.8
2018-06-04,1294.65,0.82
2018-06-05,1292.25,0.79
2018-06-06,1295.25,0.83
2018-06-07,1298.3,0.8
2018-06-08,1299.2,0.82
2018-06-11,1296.05,0.83
2018-06-12,1298.3,0.83
2018-06-13,1294.4,0.86
2018-06-14,1305.3,0.82
2018-06-15,1300.1,0.81
2018-06-18,1281.25,0.8
2018-06-19,1279.0,0.77
2018-06-20,1273.25,0.81
2018-06-21,1263.7,0.79
2018-06-22,1269.7,0.78
2018-06-25,1269.8,0.77
2018-06-26,1257.15,0.76
2018-06-27,1256.8,0.72
2018-06-28,1250.5,0.74
2018-06-29,1250.55,0.74
2018-07-02,1249.0,0.73
2018-07-03,1245.85,0.71
2018-07-05,1252.5,0.71
2018-07-06,1254.2,0.7
2018-07-09,1262.6,0.73
2018-07-10,1253.7,0.74
2018-07-11,1250.0,0.74
2018-07-12,1244.85,0.75
2018-07-13,1240.5,0.72
2018-07-16,1244.9,0.75
2018-07-17,1243.65,0.77
2018-07-18,1223.45,0.79
2018-07-19,1217.4,0.75
2018-07-20,1224.85,0.78
2018-07-23,1229.45,0.85
2018-07-24,1224.3,0.84
2018-07-25,1230.55,0.81
2018-07-26,1228.35,0.87
2018-07-27,1219.15,0.84
2018-07-30,1222.05,0.85
2018-07-31,1219.2,0.84
2018-08-01,1222.75,0.87
2018-08-02,1217.6,0.86
2018-08-03,1207.7,0.83
2018-08-06,1212.0,0.83
2018-08-07,1215.4,0.85
2018-08-08,1212.35,0.85
2018-08-09,1215.5,0.82
2018-08-10,1211.65,0.78
2018-08-13,1204.4,0.78
2018-08-14,1195.3,0.8
2018-08-15,1186.7,0.78
2018-08-16,1179.65,0.79
2018-08-17,1176.7,0.79
2018-08-20,1188.75,0.75
2018-08-21,1194.1,0.77
2018-08-22,1196.85,0.74
2018-08-23,1187.3,0.73
2018-08-24,1189.95,0.73
2018-08-28,1212.75,0.77
2018-08-29,1204.3,0.77
2018-08-30,1202.35,0.76
2018-08-31,1206.85,0.78
2018-09-04,1195.75,0.8
2018-09-05,1194.7,0.81
2018-09-06,1204.3,0.8
2018-09-07,1200.75,0.84
2018-09-10,1195.8,0.84
2018-09-11,1194.0,0.86
2018-09-12,1197.8,0.85
2018-09-13,1206.65,0.87
2018-09-14,1206.2,0.89
2018-09-17,1196.8,0.89
2018-09-18,1199.4,0.92
2018-09-19,1203.0,0.93
2018-09-20,1203.0,0.92
2018-09-21,1207.6,0.92
2018-09-24,1198.75,0.92
2018-09-25,1199.45,0.94
2018-09-26,1198.8,0.92
2018-09-27,1196.0,0.91
2018-09-28,1183.5,0.91
2018-10-01,1185.3,0.95
2018-10-02,1192.65,0.93
2018-10-03,1203.5,0.99
2018-10-04,1199.45,1.03
2018-10-05,1201.1,1.07
2018-10-09,1187.4,1.04
2018-10-10,1186.4,1.06
2018-10-11,1201.1,1.02
2018-10-12,1218.75,1.03
2018-10-15,1233.0,1.03
2018-10-16,1228.85,1.03
2018-10-17,1226.75,1.06
2018-10-18,1224.6,1.07
2018-10-19,1228.25,1.09
2018-10-22,1222.9,1.09
2018-10-23,1235.6,1.08
2018-10-24,1231.65,1.03
2018-10-25,1232.15,1.09
2018-10-26,1236.05,1.02
2018-10-29,1230.75,1.02
2018-10-30,1220.0,1.07
2018-10-31,1217.7,1.1
2018-11-01,1223.25,1.12
2018-11-02,1235.5,1.16
2018-11-05,1231.6,1.14
2018-11-06,1234.85,1.15
2018-11-07,1235.05,1.15
2018-11-08,1223.45,1.17
2018-11-09,1219.05,1.15
2018-11-13,1197.55,1.12
2018-11-14,1201.45,1.12
2018-11-15,1210.6,1.11
2018-11-16,1215.8,1.06
2018-11-19,1223.55,1.07
2018-11-20,1223.1,1.09
2018-11-21,1224.0,1.09
2018-11-23,1222.15,1.09
2018-11-26,1226.65,1.11
2018-11-27,1225.05,1.15
2018-11-28,1213.2,1.12
2018-11-29,1226.45,1.05
2018-11-30,1220.45,1.04
2018-12-03,1231.05,1.02
2018-12-04,1239.25,0.97
2018-12-06,1236.45,0.97
2018-12-07,1241.2,0.96
2018-12-10,1246.8,0.99
2018-12-11,1248.25,1.06
2018-12-12,1244.75,1.08
2018-12-13,1244.45,1.08
2018-12-14,1239.15,1.07
2018-12-17,1239.1,1.05
2018-12-18,1248.8,1.01
2018-12-19,1248.6,0.97
2018-12-20,1255.0,1.03
2018-12-21,1257.6,1.02
2018-12-24,1261.25,0.99
2018-12-27,1271.1,1.03
2018-12-28,1277.25,0.99
2018-12-31,1281.65,0.98
2019-01-02,1287.2,0.96
2019-01-03,1287.95,0.88
2019-01-04,1290.35,0.91
2019-01-07,1291.5,0.92
2019-01-08,1283.9,0.91
2019-01-09,1281.3,0.91
2019-01-10,1292.4,0.93
2019-01-11,1292.8,0.88
2019-01-14,1293.7,0.9
2019-01-15,1289.35,0.91
2019-01-16,1290.5,0.91
2019-01-17,1294.0,0.96
2019-01-18,1285.05,0.96
2019-01-22,1284.75,0.95
2019-01-23,1284.9,0.96
2019-01-24,1279.75,0.95
2019-01-25,1282.95,0.97
2019-01-28,1301.0,0.97
2019-01-29,1308.35,0.94
2019-01-30,1312.95,0.86
2019-01-31,1322.5,0.78
2019-02-01,1320.75,0.82
2019-02-04,1311.0,0.86
2019-02-05,1314.0,0.84
2019-02-06,1313.35,0.84
2019-02-07,1306.6,0.81
2019-02-08,1311.1,0.81
2019-02-11,1306.75,0.83
2019-02-12,1311.6,0.85
2019-02-13,1311.15,0.85
2019-02-14,1305.65,0.81
2019-02-15,1318.0,0.8
2019-02-19,1329.55,0.78
2019-02-20,1345.75,0.76
2019-02-21,1335.05,0.78
2019-02-22,1322.25,0.74
2019-02-25,1329.15,0.75
2019-02-26,1327.55,0.72
2019-02-27,1326.45,0.76
2019-02-28,1325.45,0.78
2019-03-01,1309.95,0.8
2019-03-04,1287.45,0.78
2019-03-05,1285.0,0.79
2019-03-06,1285.55,0.78
2019-03-07,1286.4,0.74
2019-03-08,1294.1,0.72
2019-03-11,1296.35,0.73
2019-03-12,1296.95,0.71
2019-03-13,1308.4,0.69
2019-03-14,1299.2,0.69
2019-03-15,1302.65,0.65
2019-03-18,1305.35,0.64
2019-03-19,1308.35,0.66
2019-03-20,1303.0,0.58
2019-03-21,1317.3,0.58
2019-03-22,1311.1,0.54
2019-03-25,1319.35,0.55
2019-03-26,1315.25,0.55
2019-03-27,1318.25,0.55
2019-03-28,1306.9,0.56
2019-03-29,1291.15,0.53
2019-04-01,1291.9,0.59
2019-04-02,1287.2,0.58
2019-04-03,1291.85,0.61
2019-04-04,1291.6,0.61
2019-04-05,1288.9,0.6
2019-04-08,1297.1,0.61
2019-04-09,1301.85,0.6
2019-04-10,1304.8,0.54
2019-04-11,1304.65,0.57
2019-04-12,1296.15,0.61
2019-04-15,1286.75,0.61
2019-04-16,1283.75,0.64
2019-04-17,1276.1,0.65
2019-04-18,1276.5,0.62
2019-04-23,1273.45,0.62
2019-04-24,1273.8,0.57
2019-04-25,1277.85,0.56
2019-04-26,1281.5,0.54
2019-04-29,1282.15,0.58
2019-04-30,1285.15,0.56
2019-05-01,1281.8,0.59
2019-05-02,1271.45,0.66
2019-05-03,1270.05,0.63
2019-05-07,1281.3,0.58
2019-05-08,1287.75,0.62
2019-05-09,1284.1,0.6
2019-05-10,1285.4,0.59
2019-05-13,1282.95,0.55
2019-05-14,1297.6,0.56
2019-05-15,1298.9,0.54
2019-05-16,1295.55,0.56
2019-05-17,1285.8,0.58
2019-05-20,1275.25,0.6
2019-05-21,1276.0,0.6
2019-05-22,1274.0,0.6
2019-05-23,1275.95,0.58
2019-05-24,1281.5,0.56
2019-05-28,1283.9,0.53
2019-05-29,1283.5,0.5
2019-05-30,1276.45,0.48
2019-05-31,1296.0,0.4
2019-06-03,1313.95,0.34
2019-06-04,1323.6,0.38
2019-06-05,1337.75,0.37
2019-06-06,1336.65,0.39
2019-06-07,1334.3,0.35
2019-06-10,1328.6,0.42
2019-06-11,1322.65,0.43
2019-06-12,1336.65,0.42
2019-06-13,1335.8,0.42
2019-06-14,1352.45,0.46
2019-06-17,1333.2,0.48
2019-06-18,1344.55,0.42
2019-06-19,1342.4,0.36
2019-06-20,1381.65,0.27
2019-06-21,1388.35,0.34
2019-06-24,1405.45,0.31
2019-06-25,1429.55,0.33
2019-06-26,1406.75,0.35
2019-06-27,1402.25,0.33
2019-06-28,1413.2,0.31
2019-07-01,1390.05,0.34
2019-07-02,1393.1,0.33
2019-07-03,1425.1,0.31
2019-07-05,1414.4,0.35
2019-07-08,1404.9,0.35
2019-07-09,1387.9,0.36
2019-07-10,1395.45,0.33
2019-07-11,1423.1,0.36
2019-07-12,1405.6,0.35
2019-07-15,1416.25,0.32
2019-07-16,1416.1,0.33
2019-07-17,1400.8,0.31
2019-07-18,1420.9,0.25
2019-07-19,1437.05,0.25
2019-07-22,1424.45,0.26
2019-07-23,1417.55,0.27
2019-07-24,1425.55,0.26
2019-07-25,1426.35,0.28
2019-07-26,1418.25,0.3
2019-07-29,1418.95,0.29
2019-07-30,1428.45,0.28
2019-07-31,1430.55,0.26
2019-08-01,1406.4,0.2
2019-08-02,1436.05,0.2
2019-08-05,1457.45,0.15
2019-08-06,1461.85,0.11
2019-08-07,1487.65,0.09
2019-08-08,1497.4,0.07
2019-08-09,1503.5,0.08
2019-08-12,1501.95,0.04
2019-08-13,1527.2,0.05
2019-08-14,1500.35,0.02
2019-08-15,1517.65,-0.02
2019-08-16,1509.05,0.01
2019-08-19,1499.35,0.04
2019-08-20,1502.65,0.02
2019-08-21,1499.65,0.05
2019-08-22,1498.7,0.07
2019-08-23,1495.5,-0.02
2019-08-27,1531.85,-0.06
2019-08-28,1541.75,-0.08
2019-08-29,1536.65,-0.09
2019-08-30,1526.55,-0.05
2019-09-03,1532.45,-0.03
2019-09-04,1538.8,-0.04
2019-09-05,1542.6,0.01
2019-09-06,1504.95,0.01
2019-09-09,1509.95,0.06
2019-09-10,1494.6,0.12
2019-09-11,1493.65,0.15
2019-09-12,1502.95,0.16
2019-09-13,1506.3,0.23
2019-09-16,1502.05,0.17
2019-09-17,1499.3,0.15
2019-09-18,1502.2,0.21
2019-09-19,1498.4,0.18
2019-09-20,1504.1,0.13
2019-09-23,1519.5,0.11
2019-09-24,1520.25,0.06
2019-09-25,1530.85,0.13
2019-09-26,1507.05,0.13
2019-09-27,1496.15,0.16
2019-09-30,1487.6,0.15
2019-10-01,1466.1,0.13
2019-10-02,1484.05,0.1
2019-10-03,1504.0,0.06
2019-10-04,1509.5,0.02
2019-10-07,1502.15,0.05
2019-10-08,1500.0,0.06
2019-10-09,1503.4,0.1
2019-10-10,1508.2,0.15
2019-10-11,1498.35,0.2
2019-10-15,1494.75,0.21
2019-10-16,1482.55,0.18
2019-10-17,1484.45,0.17
2019-10-21,1490.85,0.19
2019-10-22,1487.45,0.17
2019-10-23,1494.25,0.16
2019-10-24,1488.85,0.15
2019-10-25,1504.65,0.15
2019-10-28,1505.05,0.21
2019-10-29,1492.75,0.23
2019-10-30,1490.15,0.21
2019-10-31,1506.4,0.15
2019-11-01,1509.85,0.14
2019-11-04,1509.2,0.15
2019-11-05,1504.6,0.18
2019-11-06,1488.55,0.15
2019-11-07,1484.1,0.23
2019-11-08,1466.85,0.23
2019-11-12,1455.0,0.22
2019-11-13,1463.45,0.22
2019-11-14,1467.65,0.2
2019-11-15,1465.6,0.21
2019-11-18,1458.4,0.18
2019-11-19,1464.9,0.16
2019-11-20,1475.7,0.13
2019-11-21,1468.9,0.14
2019-11-22,1471.3,0.15
2019-11-25,1459.45,0.14
2019-11-26,1457.65,0.12
2019-11-27,1459.8,0.14
2019-11-29,1456.35,0.17
2019-12-02,1457.5,0.18
2019-12-03,1470.4,0.09
2019-12-04,1475.85,0.11
2019-12-05,1474.6,0.13
2019-12-06,1474.85,0.15
2019-12-09,1463.6,0.14
2019-12-10,1464.45,0.14
2019-12-11,1468.05,0.1
2019-12-12,1474.7,0.18
2019-12-13,1470.6,0.12
2019-12-16,1477.4,0.16
2019-12-17,1478.4,0.14
2019-12-18,1478.9,0.16
2019-12-19,1474.4,0.15
2019-12-20,1476.9,0.15
2019-12-23,1483.95,0.18
2019-12-24,1490.85,0.15
2019-12-27,1510.6,0.15
2019-12-30,1511.5,0.15
2019-12-31,1523.0,0.15
2020-01-02,1520.55,0.08
2020-01-03,1547.4,0.03
2020-01-06,1576.85,0.06
2020-01-07,1566.5,0.09
2020-01-08,1582.85,0.12
2020-01-09,1547.85,0.11
2020-01-10,1548.8,0.07
2020-01-13,1550.35,0.08
2020-01-14,1544.95,0.05
2020-01-15,1551.9,0.04
2020-01-16,1555.2,0.07
2020-01-17,1556.5,0.09
2020-01-21,1556.25,0.04
2020-01-22,1558.1,0.05
2020-01-23,1554.05,0.04
2020-01-24,1561.85,0.02
2020-01-27,1583.45,-0.02
2020-01-28,1579.6,0.0
2020-01-29,1571.2,-0.04
2020-01-30,1580.4,-0.07
2020-01-31,1580.85,-0.14
2020-02-03,1578.85,-0.09
2020-02-04,1571.2,-0.03
2020-02-05,1552.2,0.0
2020-02-06,1564.75,-0.02
2020-02-10,1574.05,-0.1
2020-02-11,1567.7,-0.06
2020-02-12,1566.75,-0.04
2020-02-13,1575.0,-0.06
2020-02-14,1576.35,-0.07
2020-02-18,1588.2,-0.1
2020-02-19,1609.5,-0.09
2020-02-20,1610.35,-0.11
2020-02-21,1633.7,-0.15
2020-02-24,1682.35,-0.21
2020-02-25,1655.9,-0.2
2020-02-26,1647.95,-0.21
2020-02-27,1646.6,-0.23
2020-02-28,1626.35,-0.28
2020-03-02,1609.7,-0.31
2020-03-03,1599.05,-0.43
2020-03-04,1644.8,-0.44
2020-03-05,1647.45,-0.48
2020-03-06,1687.0,-0.57
2020-03-09,1676.6,-0.45
2020-03-10,1657.4,-0.24
2020-03-11,1662.5,-0.14
2020-03-12,1636.65,-0.04
2020-03-13,1588.15,0.04
2020-03-16,1504.65,0.0
2020-03-17,1472.35,0.39
2020-03-18,1506.0,0.55
2020-03-19,1480.7,0.62
2020-03-20,1504.45,0.17
2020-03-23,1494.5,-0.04
2020-03-24,1599.5,-0.13
2020-03-25,1620.95,-0.19
2020-03-26,1620.1,-0.24
2020-03-27,1621.2,-0.22
2020-03-30,1624.45,-0.25
2020-03-31,1604.65,-0.17
2020-04-01,1594.25,-0.29
2020-04-02,1588.05,-0.4
2020-04-03,1609.75,-0.46
2020-04-06,1636.6,-0.47
2020-04-07,1652.2,-0.42
2020-04-08,1649.05,-0.42
2020-04-09,1662.5,-0.5
2020-04-14,1715.85,-0.53
2020-04-15,1712.25,-0.56
2020-04-16,1717.85,-0.42
2020-04-17,1693.15,-0.36
2020-04-20,1684.95,-0.31
2020-04-21,1678.6,-0.38
2020-04-22,1702.65,-0.43
2020-04-23,1727.55,-0.44
2020-04-24,1727.25,-0.51
2020-04-27,1717.25,-0.5
2020-04-28,1708.1,-0.52
2020-04-29,1706.0,-0.51
2020-04-30,1716.75,-0.43
2020-05-01,1673.05,-0.42
2020-05-04,1703.7,-0.43
2020-05-05,1696.3,-0.44
2020-05-06,1698.9,-0.38
2020-05-07,1688.65,-0.45
2020-05-11,1698.8,-0.4
2020-05-12,1703.45,-0.4
2020-05-13,1699.85,-0.43
2020-05-14,1716.4,-0.43
2020-05-15,1734.85,-0.45
2020-05-18,1756.9,-0.44
2020-05-19,1735.25,-0.45
2020-05-20,1750.05,-0.48
2020-05-21,1732.8,-0.46
2020-05-22,1732.45,-0.46
2020-05-26,1722.75,-0.44
2020-05-27,1705.15,-0.46
2020-05-28,1723.3,-0.48
2020-05-29,1725.65,-0.5
2020-06-01,1734.8,-0.52
2020-06-02,1740.25,-0.5
2020-06-03,1717.6,-0.44
2020-06-04,1706.45,-0.4
2020-06-05,1709.55,-0.36
2020-06-08,1692.0,-0.4
2020-06-09,1707.5,-0.42
2020-06-10,1717.65,-0.52
2020-06-11,1731.9,-0.55
2020-06-12,1735.85,-0.5
2020-06-15,1710.4,-0.52
2020-06-16,1728.35,-0.52
2020-06-17,1717.3,-0.52
2020-06-18,1732.65,-0.57
2020-06-19,1728.55,-0.6
2020-06-22,1745.45,-0.63
2020-06-23,1756.6,-0.66
2020-06-24,1775.7,-0.64
2020-06-25,1758.55,-0.65
2020-06-26,1762.1,-0.68
2020-06-29,1768.8,-0.7
2020-06-30,1770.7,-0.68
2020-07-01,1787.4,-0.68
2020-07-02,1771.85,-0.73
2020-07-06,1774.4,-0.76
2020-07-07,1775.5,-0.78
2020-07-08,1799.35,-0.75
2020-07-09,1812.45,-0.77
2020-07-10,1805.75,-0.76
2020-07-13,1814.1,-0.78
2020-07-14,1813.4,-0.78
2020-07-15,1813.8,-0.77
2020-07-16,1800.3,-0.79
2020-07-17,1810.0,-0.82
2020-07-20,1817.4,-0.84
2020-07-21,1843.9,-0.87
2020-07-22,1865.1,-0.88
2020-07-23,1890.0,-0.9
2020-07-24,1897.5,-0.92
2020-07-27,1931.0,-0.9
2020-07-28,1946.24,-0.92
2020-07-29,1958.16,-0.95
2020-07-30,1950.04,-0.97
2020-07-31,1971.68,-1.0
2020-08-03,1974.7,-1.02
2020-08-04,2008.5,-1.05
2020-08-05,2037.1,-1.06
2020-08-06,2058.4,-1.08
2020-08-07,2018.0,-1.04
2020-08-10,2030.3,-1.02
2020-08-11,1938.9,-0.99
2020-08-12,1940.5,-0.98
2020-08-13,1961.9,-0.96
2020-08-14,1942.3,-0.94
2020-08-17,1989.9,-0.97
2020-08-18,2004.8,-1.01
2020-08-19,1963.5,-0.99
2020-08-20,1938.3,-0.97
2020-08-21,1938.3,-1.0
2020-08-24,1931.5,-1.02
2020-08-25,1915.6,-1.01
2020-08-26,1944.1,-1.03
2020-08-27,1925.0,-0.99
2020-08-28,1966.8,-1.03
2020-08-31,1970.5,-1.08
2020-09-01,1970.8,-1.08
2020-09-02,1936.9,-1.07
2020-09-03,1930.2,-1.02
2020-09-04,1926.2,-0.98
2020-09-08,1935.1,-0.99
2020-09-09,1946.8,-1.0
2020-09-10,1956.0,-1.01
2020-09-11,1939.5,-0.98
2020-09-14,1954.7,-0.97
2020-09-15,1958.0,-0.99
2020-09-16,1962.0,-0.99
2020-09-17,1941.3,-0.97
2020-09-18,1953.2,-0.97
2020-09-21,1902.1,-0.94
2020-09-22,1899.3,-0.94
2020-09-23,1860.5,-0.92
2020-09-24,1868.9,-0.91
2020-09-25,1859.5,-0.92
2020-09-28,1876.6,-0.94
2020-09-29,1899.64,-0.98
2020-09-30,1893.9,-0.94
2020-10-01,1916.3,-0.95
2020-10-02,1907.6,-0.94
2020-10-05,1920.1,-0.9
2020-10-06,1908.8,-0.9
2020-10-07,1890.8,-0.9
2020-10-08,1895.1,-0.94
2020-10-09,1926.2,-0.94
2020-10-13,1894.6,-0.96
2020-10-14,1907.3,-0.96
2020-10-15,1908.9,-0.95
2020-10-16,1906.4,-0.95
2020-10-19,1911.7,-0.93
2020-10-20,1915.4,-0.91
2020-10-21,1929.5,-0.91
2020-10-22,1904.6,-0.89
2020-10-23,1905.2,-0.9
2020-10-26,1905.7,-0.91
2020-10-27,1911.9,-0.92
2020-10-28,1879.2,-0.91
2020-10-29,1868.0,-0.86
2020-10-30,1879.9,-0.82
2020-11-02,1892.5,-0.84
2020-11-03,1910.4,-0.82
2020-11-04,1896.2,-0.86
2020-11-05,1946.8,-0.87
2020-11-06,1951.7,-0.82
2020-11-09,1854.4,-0.77
2020-11-10,1876.4,-0.78
2020-11-12,1873.3,-0.83
2020-11-13,1886.2,-0.83
2020-11-16,1887.8,-0.81
2020-11-17,1885.1,-0.83
2020-11-18,1873.9,-0.82
2020-11-19,1861.5,-0.84
2020-11-20,1872.4,-0.86
2020-11-23,1837.8,-0.85
2020-11-24,1805.86,-0.86
2020-11-25,1807.78,-0.87
2020-11-27,1785.62,-0.91
2020-11-30,1779.86,-0.93
2020-12-01,1818.9,-0.89
2020-12-02,1830.2,-0.9
2020-12-03,1841.1,-0.94
2020-12-04,1840.0,-0.92
2020-12-07,1866.0,-0.94
2020-12-08,1874.9,-0.97
2020-12-09,1838.5,-0.96
2020-12-10,1837.4,-0.96
2020-12-11,1843.6,-0.97
2020-12-14,1832.1,-0.98
2020-12-15,1855.3,-0.99
2020-12-16,1859.1,-1.0
2020-12-17,1890.4,-1.0
2020-12-18,1888.9,-1.0
2020-12-21,1882.8,-1.0
2020-12-22,1870.3,-1.01
2020-12-23,1878.1,-1.01
2020-12-24,1883.2,-1.03
2020-12-28,1880.4,-1.03
2020-12-29,1882.9,-1.02
2020-12-30,1893.4,-1.03
2020-12-31,1895.1,-1.06
2021-01-04,1946.6,-1.08
2021-01-05,1954.4,-1.07
2021-01-06,1908.6,-1.02
2021-01-07,1913.6,-1.01
2021-01-08,1835.4,-0.93
2021-01-11,1850.8,-0.91
2021-01-12,1844.2,-0.93
2021-01-13,1854.9,-0.96
2021-01-14,1851.4,-0.94
2021-01-15,1829.9,-0.99
2021-01-19,1840.2,-1.0
2021-01-20,1866.5,-1.02
2021-01-21,1865.9,-0.98
2021-01-22,1856.2,-0.99
2021-01-25,1855.2,-1.03
2021-01-26,1851.68,-1.03
2021-01-27,1846.5,-1.04
2021-01-28,1839.88,-1.06
2021-01-29,1849.7,-1.02
2021-02-01,1863.9,-1.02
2021-02-02,1833.4,-1.03
2021-02-03,1835.1,-1.04
2021-02-04,1791.2,-1.02
2021-02-05,1813.0,-1.02
2021-02-08,1834.2,-1.03
2021-02-09,1837.5,-1.04
2021-02-10,1842.7,-1.06
2021-02-11,1826.8,-1.04
2021-02-12,1823.2,-1.01
2021-02-16,1799.0,-0.94
2021-02-17,1772.8,-0.92
2021-02-18,1775.0,-0.87
2021-02-19,1777.4,-0.8
2021-02-22,1808.4,-0.79
2021-02-23,1805.9,-0.79
2021-02-24,1797.9,-0.79
2021-02-25,1775.4,-0.6
2021-02-26,1728.8,-0.71
2021-03-01,1723.0,-0.71
2021-03-02,1733.6,-0.78
2021-03-03,1715.8,-0.74
2021-03-04,1700.7,-0.66
2021-03-05,1698.5,-0.66
2021-03-08,1678.0,-0.62
2021-03-09,1716.9,-0.66
2021-03-10,1721.8,-0.73
2021-03-11,1722.6,-0.74
2021-03-12,1719.8,-0.62
2021-03-15,1729.2,-0.65
2021-03-16,1730.9,-0.68
2021-03-17,1727.1,-0.67
2021-03-18,1732.5,-0.56
2021-03-19,1741.7,-0.57
2021-03-22,1738.1,-0.64
2021-03-23,1725.1,-0.66
2021-03-24,1733.2,-0.69
2021-03-25,1725.1,-0.69
2021-03-26,1732.78,-0.67
2021-03-29,1713.16,-0.63
2021-03-30,1685.16,-0.62
2021-03-31,1715.24,-0.63
2021-04-01,1728.4,-0.66
2021-04-05,1728.8,-0.62
2021-04-06,1743.0,-0.65
2021-04-07,1741.6,-0.66
2021-04-08,1758.2,-0.69
2021-04-09,1744.8,-0.64
2021-04-12,1732.7,-0.64
2021-04-13,1747.6,-0.69
2021-04-14,1736.3,-0.69
2021-04-15,1766.8,-0.77
2021-04-16,1780.2,-0.77
2021-04-19,1770.6,-0.73
2021-04-20,1778.4,-0.74
2021-04-21,1793.1,-0.76
2021-04-22,1782.0,-0.76
2021-04-23,1777.8,-0.76
2021-04-26,1780.1,-0.78
2021-04-27,1778.8,-0.76
2021-04-28,1773.9,-0.78
2021-04-29,1768.3,-0.77
2021-04-30,1767.7,-0.76
2021-05-03,1791.8,-0.79
2021-05-04,1776.0,-0.81
2021-05-05,1784.3,-0.88
2021-05-06,1815.7,-0.87
2021-05-07,1831.3,-0.89
2021-05-10,1837.6,-0.91
2021-05-11,1836.1,-0.89
2021-05-12,1822.8,-0.85
2021-05-13,1824.0,-0.85
2021-05-14,1838.1,-0.88
2021-05-17,1867.6,-0.9
2021-05-18,1868.0,-0.88
2021-05-19,1881.5,-0.8
2021-05-20,1881.9,-0.78
2021-05-21,1876.7,-0.8
2021-05-24,1884.5,-0.83
2021-05-25,1898.5,-0.86
2021-05-26,1902.24,-0.82
2021-05-27,1897.38,-0.81
2021-05-28,1904.74,-0.84
2021-06-01,1905.0,-0.84
2021-06-02,1909.9,-0.85
2021-06-03,1873.3,-0.79
2021-06-04,1892.0,-0.84
2021-06-07,1898.8,-0.82
2021-06-08,1894.4,-0.83
2021-06-09,1895.5,-0.82
2021-06-10,1896.4,-0.9
2021-06-11,1879.6,-0.85
2021-06-14,1865.9,-0.85
2021-06-15,1856.4,-0.87
2021-06-16,1861.4,-0.75
2021-06-17,1774.8,-0.75
2021-06-18,1769.0,-0.79
2021-06-21,1782.9,-0.75
2021-06-22,1777.4,-0.83
2021-06-23,1783.4,-0.84
2021-06-24,1776.7,-0.81
2021-06-25,1777.8,-0.8
2021-06-28,1780.7,-0.84
2021-06-29,1763.6,-0.83
2021-06-30,1771.6,-0.87
2021-07-01,1776.8,-0.87
2021-07-02,1783.3,-0.89
2021-07-06,1794.2,-0.94
2021-07-07,1802.1,-0.95
2021-07-08,1800.2,-0.92
2021-07-09,1810.6,-0.91
2021-07-12,1805.9,-0.95
2021-07-13,1809.9,-0.94
2021-07-14,1825.0,-0.97
2021-07-15,1829.0,-1.01
2021-07-16,1815.0,-1.02
2021-07-19,1809.2,-1.05
2021-07-20,1811.4,-1.03
2021-07-21,1803.4,-0.98
2021-07-22,1805.4,-1.01
2021-07-23,1801.8,-1.05
2021-07-26,1799.2,-1.11
2021-07-27,1800.18,-1.13
2021-07-28,1800.54,-1.15
2021-07-29,1832.4,-1.15
2021-07-30,1814.12,-1.16
2021-08-02,1819.8,-1.17
2021-08-03,1811.7,-1.19
2021-08-04,1812.2,-1.16
2021-08-05,1806.6,-1.1
2021-08-06,1761.1,-1.06
2021-08-09,1724.4,-1.04
2021-08-10,1729.7,-1.04
2021-08-11,1751.2,-1.07
2021-08-12,1749.8,-1.05
2021-08-13,1776.0,-1.08
2021-08-16,1787.6,-1.1
2021-08-17,1785.7,-1.07
2021-08-18,1782.3,-1.05
2021-08-19,1780.9,-1.04
2021-08-20,1781.8,-1.01
2021-08-23,1804.0,-1.02
2021-08-24,1806.3,-1.01
2021-08-25,1788.8,-1.0
2021-08-26,1793.0,-0.99
2021-08-27,1817.2,-1.08
2021-08-30,1809.8,-1.08
2021-08-31,1815.8,-1.03
2021-09-01,1813.8,-1.03
2021-09-02,1809.4,-1.03
2021-09-03,1831.5,-1.01
2021-09-07,1796.3,-0.98
2021-09-08,1791.2,-1.03
2021-09-09,1797.8,-1.08
2021-09-10,1789.9,-1.05
2021-09-13,1792.3,-1.04
2021-09-14,1805.0,-1.05
2021-09-15,1792.6,-1.04
2021-09-16,1754.6,-1.01
2021-09-17,1749.4,-0.96
2021-09-20,1761.8,-0.98
2021-09-21,1776.1,-0.96
2021-09-22,1776.7,-0.96
2021-09-23,1747.7,-0.9
2021-09-24,1749.7,-0.87
2021-09-27,1750.4,-0.87
2021-09-28,1736.54,-0.84
2021-09-29,1722.34,-0.82
2021-09-30,1756.66,-0.85
2021-10-01,1758.4,-0.9
2021-10-04,1767.6,-0.89
2021-10-05,1760.9,-0.91
2021-10-06,1761.8,-0.9
2021-10-07,1759.2,-0.88
2021-10-08,1757.4,-0.89
2021-10-12,1759.3,-0.9
2021-10-13,1794.7,-0.96
2021-10-14,1797.9,-1.0
2021-10-15,1768.3,-0.97
2021-10-18,1765.7,-0.95
2021-10-19,1770.5,-0.89
2021-10-20,1784.9,-0.92
2021-10-21,1781.9,-0.96
2021-10-22,1796.3,-0.98
2021-10-25,1806.8,-1.02
2021-10-26,1793.4,-1.06
2021-10-27,1798.8,-1.11
2021-10-28,1802.6,-1.0
2021-10-29,1783.9,-0.96
2021-11-01,1795.8,-0.92
2021-11-02,1789.4,-0.95
2021-11-03,1763.9,-0.93
2021-11-04,1793.5,-1.03
2021-11-05,1816.8,-1.09
2021-11-08,1828.0,-1.11
2021-11-09,1830.8,-1.17
2021-11-10,1848.3,-1.14
2021-11-12,1868.5,-1.15
2021-11-15,1866.6,-1.13
2021-11-16,1854.1,-1.1
2021-11-17,1870.2,-1.1
2021-11-18,1861.4,-1.14
2021-11-19,1851.6,-1.11
2021-11-22,1806.3,-0.98
2021-11-23,1783.8,-0.95
2021-11-24,1784.82,-0.97
2021-11-26,1786.54,-1.07
2021-11-29,1784.04,-1.02
2021-11-30,1775.92,-1.07
2021-12-01,1784.3,-1.01
2021-12-02,1762.7,-1.03
2021-12-03,1783.9,-1.08
2021-12-06,1779.5,-1.01
2021-12-07,1784.7,-0.99
2021-12-08,1785.5,-1.0
2021-12-09,1776.7,-0.98
2021-12-10,1784.8,-0.96
2021-12-13,1788.3,-0.98
2021-12-14,1772.3,-0.93
2021-12-15,1764.5,-0.92
2021-12-16,1798.2,-0.98
2021-12-17,1804.9,-0.97
2021-12-20,1794.6,-0.96
2021-12-21,1788.7,-0.96
2021-12-22,1802.2,-1.01
2021-12-23,1811.7,-0.97
2021-12-27,1808.8,-1.02
2021-12-28,1810.9,-1.01
2021-12-29,1805.8,-0.98
2021-12-30,1814.1,-1.06
2021-12-31,1828.6,-1.04
2022-01-03,1800.1,-0.97
2022-01-04,1814.6,-0.91
2022-01-05,1825.1,-0.82
2022-01-06,1789.2,-0.73
2022-01-07,1797.4,-0.72
2022-01-10,1798.8,-0.7
2022-01-11,1818.5,-0.79
2022-01-12,1827.3,-0.74
2022-01-13,1821.4,-0.73
2022-01-14,1816.5,-0.66
2022-01-18,1812.4,-0.59
2022-01-19,1843.2,-0.57
2022-01-20,1842.6,-0.5
2022-01-21,1831.8,-0.59
2022-01-24,1841.7,-0.63
2022-01-25,1852.5,-0.63
2022-01-26,1830.16,-0.53
2022-01-27,1793.86,-0.59
2022-01-28,1785.92,-0.66
2022-01-31,1796.12,-0.65
2022-02-01,1801.5,-0.62
2022-02-02,1810.3,-0.63
2022-02-03,1804.1,-0.56
2022-02-04,1807.8,-0.48
2022-02-07,1821.8,-0.48
2022-02-08,1827.9,-0.46
2022-02-09,1836.6,-0.48
2022-02-10,1837.4,-0.42
2022-02-11,1842.1,-0.51
2022-02-14,1869.4,-0.5
2022-02-15,1856.2,-0.43
2022-02-16,1871.5,-0.43
2022-02-17,1902.0,-0.46
2022-02-18,1899.8,-0.49
2022-02-22,1907.4,-0.51
2022-02-23,1910.4,-0.54
2022-02-24,1926.3,-0.59
2022-02-25,1887.6,-0.57
2022-02-28,1900.7,-0.79
2022-03-01,1943.8,-0.9
2022-03-02,1922.3,-0.85
2022-03-03,1935.9,-0.83
2022-03-04,1966.6,-0.93
2022-03-07,1995.9,-0.99
2022-03-08,2043.3,-1.04
2022-03-09,1988.2,-0.9
2022-03-10,2000.4,-0.88
2022-03-11,1985.0,-0.94
2022-03-14,1960.8,-0.79
2022-03-15,1929.7,-0.69
2022-03-16,1909.2,-0.61
2022-03-17,1943.2,-0.71
2022-03-18,1929.3,-0.72
2022-03-21,1929.5,-0.58
2022-03-22,1921.5,-0.53
2022-03-23,1937.3,-0.62
2022-03-24,1962.2,-0.58
2022-03-25,1954.2,-0.47
2022-03-28,1940.78,-0.49
2022-03-29,1914.52,-0.45
2022-03-30,1936.8,-0.51
2022-03-31,1953.04,-0.52
2022-04-01,1923.7,-0.41
2022-04-04,1934.0,-0.38
2022-04-05,1927.5,-0.3
2022-04-06,1923.1,-0.22
2022-04-07,1937.8,-0.16
2022-04-08,1945.6,-0.15
2022-04-11,1948.2,-0.12
2022-04-12,1976.1,-0.14
2022-04-13,1984.7,-0.1
2022-04-14,1974.9,-0.06
2022-04-18,1986.4,-0.07
2022-04-19,1959.0,0.0
2022-04-20,1955.6,-0.07
2022-04-21,1948.2,-0.12
2022-04-22,1934.3,-0.08
2022-04-25,1896.0,-0.1
2022-04-26,1904.1,-0.08
2022-04-27,1888.7,-0.06
2022-04-28,1891.3,-0.12
2022-04-29,1911.7,0.01
2022-05-02,1863.6,0.18
2022-05-03,1870.6,0.14
2022-05-04,1868.8,0.07
2022-05-05,1875.7,0.18
2022-05-06,1882.8,0.26
2022-05-09,1858.6,0.3
2022-05-10,1841.0,0.34
2022-05-11,1853.7,0.21
2022-05-12,1824.6,0.25
2022-05-13,1808.2,0.24
2022-05-16,1814.0,0.2
2022-05-17,1818.9,0.27
2022-05-18,1815.9,0.17
2022-05-19,1841.2,0.25
2022-05-20,1842.1,0.23
2022-05-23,1847.8,0.26
2022-05-24,1865.4,0.21
2022-05-25,1847.54,0.19
2022-05-26,1850.12,0.13
2022-05-27,1854.9,0.11
2022-05-31,1847.26,0.21
2022-06-01,1848.7,0.29
2022-06-02,1871.4,0.26
2022-06-03,1850.2,0.22
2022-06-06,1843.7,0.28
2022-06-07,1852.1,0.25
2022-06-08,1856.5,0.28
2022-06-09,1852.8,0.29
2022-06-10,1875.5,0.39
2022-06-13,1831.8,0.69
2022-06-14,1813.5,0.89
2022-06-15,1819.6,0.63
2022-06-16,1849.9,0.66
2022-06-17,1840.6,0.67
2022-06-21,1838.8,0.7
2022-06-22,1838.4,0.62
2022-06-23,1829.8,0.59
2022-06-24,1830.3,0.57
2022-06-27,1829.3382,0.65
2022-06-28,1824.4344,0.72
2022-06-29,1818.2373,0.74
2022-06-30,1817.4548,0.65
2022-07-01,1806.0776,0.54
2022-07-05,1808.6291,0.52
2022-07-06,1767.9548,0.64
2022-07-07,1737.6013,0.68
2022-07-08,1740.4954,0.72
2022-07-11,1742.15,0.67
2022-07-12,1733.64,0.64
2022-07-13,1725.6,0.6
2022-07-14,1731.76,0.62
2022-07-15,1711.8,0.57
2022-07-18,1710.11,0.59
2022-07-19,1710.12,0.62
2022-07-20,1695.2131,0.66
2022-07-21,1718.4886,0.58
2022-07-22,1727.3163,0.43
2022-07-25,1719.245,0.45
2022-07-26,1718.1906,0.45
2022-07-27,1738.9701,0.36
2022-07-28,1754.669,0.2
2022-07-29,1766.4309,0.14
2022-08-01,1772.0067,0.09
2022-08-02,1756.4075,0.27
2022-08-03,1763.6446,0.23
2022-08-04,1792.8209,0.22
2022-08-05,1775.7796,0.37
2022-08-08,1789.0615,0.29
2022-08-09,1794.0933,0.33
2022-08-10,1791.7249,0.35
2022-08-11,1789.1296,0.4
2022-08-12,1802.7804,0.37
2022-08-15,1778.6433,0.35
2022-08-16,1776.1056,0.38
2022-08-17,1764.8633,0.43
2022-08-18,1758.455,0.36
2022-08-19,1747.435,0.43
2022-08-22,1735.1633,0.46
2022-08-23,1748.1523,0.47
2022-08-24,1751.2754,0.49
2022-08-25,1756.5567,0.43
2022-08-26,1739.1203,0.47
2022-08-29,1739.3102,0.54
2022-08-30,1723.1833,0.56
2022-08-31,1708.58,0.67
2022-09-01,1697.5306,0.81
2022-09-02,1712.5178,0.73
2022-09-06,1703.4835,0.85
2022-09-07,1716.4367,0.82
2022-09-08,1711.085,0.88
2022-09-09,1717.075,0.91
2022-09-12,1725.4175,0.95
2022-09-13,1702.2933,0.98
2022-09-14,1697.6191,0.95
2022-09-15,1662.5775,1.02
2022-09-16,1675.2805,1.07
2022-09-19,1675.4505,1.15
2022-09-20,1666.3787,1.17
2022-09-21,1666.8727,1.13
2022-09-22,1672.4703,1.29
2022-09-23,1644.4717,1.32
2022-09-26,1628.0698,1.56
2022-09-27,1628.9589,1.64
2022-09-28,1656.6025,1.39
2022-09-29,1664.2594,1.57
2022-09-30,1660.8799,1.68
2022-10-03,1701.0961,1.43
2022-10-04,1725.3733,1.38
2022-10-05,1718.2606,1.54
2022-10-06,1711.9558,1.61
2022-10-07,1695.0231,1.62
2022-10-11,1664.1168,1.62
2022-10-12,1674.8588,1.62
2022-10-13,1663.9278,1.63
2022-10-14,1644.6412,1.59
2022-10-17,1650.1075,1.57
2022-10-18,1652.487,1.6
2022-10-19,1627.525,1.72
2022-10-20,1626.65,1.73
2022-10-21,1657.6825,1.69
2022-10-24,1652.015,1.66
2022-10-25,1652.5885,1.59
2022-10-26,1666.8893,1.6
2022-10-27,1662.1567,1.51
2022-10-28,1644.6679,1.51
2022-10-31,1632.38,1.58
2022-11-01,1646.655,1.56
2022-11-02,1633.8692,1.57
2022-11-03,1629.7067,1.74
2022-11-04,1681.325,1.69
2022-11-07,1675.2708,1.69
2022-11-08,1712.4447,1.64
2022-11-09,1706.7049,1.7
2022-11-10,1755.5,1.43
2022-11-14,1771.3933,1.51
2022-11-15,1779.1838,1.45
2022-11-16,1773.3999,1.38
2022-11-17,1760.4007,1.49
2022-11-18,1751.0784,1.57
2022-11-21,1737.9575,1.52
2022-11-22,1740.09,1.44
2022-11-23,1749.59,1.39
2022-11-25,1754.5487,1.36
2022-11-28,1741.275,1.43
2022-11-29,1749.815,1.5
2022-11-30,1768.61,1.34
2022-12-01,1803.055,1.17
2022-12-02,1797.915,1.08
2022-12-05,1768.915,1.21
2022-12-06,1770.6663,1.2
2022-12-07,1786.0849,1.16
2022-12-08,1789.1498,1.2
2022-12-09,1797.368,1.31
2022-12-12,1781.5723,1.33
2022-12-13,1810.9829,1.27
2022-12-14,1807.4906,1.3
2022-12-15,1776.9686,1.28
2022-12-16,1792.7961,1.35
2022-12-19,1787.5957,1.42
2022-12-20,1818.0246,1.45
2022-12-21,1814.5101,1.41
2022-12-22,1792.2667,1.48
2022-12-23,1798.4193,1.55
2022-12-27,1813.7025,1.58
2022-12-28,1804.336,1.6
2022-12-29,1815.0549,1.56
2022-12-30,1824.3233,1.58
2023-01-03,1839.6677,1.53
2023-01-04,1855.0746,1.47
2023-01-05,1859.76,1.49
2023-01-06,1865.888,1.34
2023-01-09,1872.1846,1.31
2023-01-10,1876.9378,1.37
2023-01-11,1876.2679,1.31
2023-01-12,1896.8403,1.22
2023-01-13,1920.4831,1.31
2023-01-17,1908.5987,1.36
2023-01-18,1904.4307,1.25
2023-01-19,1932.2238,1.19
2023-01-20,1926.384,1.25
2023-01-23,1930.551,1.24
2023-01-24,1937.3769,1.19
2023-01-25,1945.9486,1.17
2023-01-26,1930.301,1.16
2023-01-27,1927.5,1.19
2023-01-30,1923.0734,1.26
2023-01-31,1928.1201,1.28
2023-02-01,1950.1689,1.14
2023-02-02,1912.6283,1.18
2023-02-03,1865.797,1.31
2023-02-06,1867.5463,1.38
2023-02-07,1872.5796,1.36
2023-02-08,1875.625,1.29
2023-02-09,1861.8583,1.34
2023-02-10,1865.5321,1.41
2023-02-13,1853.5286,1.41
2023-02-14,1854.1897,1.46
2023-02-15,1836.153,1.46
2023-02-16,1836.0,1.49
2023-02-17,1842.4007,1.46
2023-02-21,1834.7405,1.53
2023-02-22,1825.0473,1.52
2023-02-23,1821.9223,1.49
2023-02-24,1811.2736,1.57
2023-02-27,1817.3015,1.56
2023-02-28,1826.7404,1.49
2023-03-01,1836.7495,1.57
2023-03-02,1835.8915,1.6
2023-03-03,1855.334,1.45
2023-03-06,1846.6929,1.49
2023-03-07,1813.3341,1.59
2023-03-08,1813.8308,1.66
2023-03-09,1830.9041,1.63
2023-03-10,1868.1,1.44
2023-03-13,1912.1176,1.31
2023-03-14,1903.6483,1.33
2023-03-15,1921.6,1.22
2023-03-16,1919.3968,1.34
2023-03-17,1988.1368,1.29
2023-03-20,1976.6158,1.33
2023-03-21,1943.1898,1.36
2023-03-22,1969.7389,1.2
2023-03-23,1992.0096,1.19
2023-03-24,1978.2,1.16
2023-03-27,1956.5783,1.29
2023-03-28,1971.9989,1.24
2023-03-29,1962.9123,1.24
2023-03-30,1978.4419,1.21
2023-03-31,1969.5459,1.16
2023-04-03,1985.1859,1.14
2023-04-04,2020.8,1.1
2023-04-05,2020.202,1.07
2023-04-06,2007.8189,1.06
2023-04-07,2007.7987,1.14
2023-04-10,1992.2422,1.14
2023-04-11,2004.8729,1.14
2023-04-12,2017.6,1.14
2023-04-13,2039.6545,1.16
2023-04-14,2004.1205,1.22
2023-04-17,1994.2081,1.28
2023-04-18,2005.0,1.3
2023-04-19,1993.9113,1.32
2023-04-20,2005.0565,1.28
2023-04-21,1984.0135,1.29
2023-04-24,1995.2252,1.24
2023-04-25,1997.7,1.15
2023-04-26,1991.8474,1.18
2023-04-27,1987.0351,1.26
2023-04-28,1990.6,1.26
2023-05-01,1981.3728,1.36
2023-05-02,2015.9909,1.24
2023-05-03,2053.1347,1.18
2023-05-04,2049.5288,1.18
2023-05-05,2017.6,1.23
2023-05-08,2021.3453,1.29
2023-05-09,2036.5355,1.3
2023-05-10,2031.1,1.26
2023-05-11,2016.1165,1.23
2023-05-12,2010.5,1.28
2023-05-15,2014.5664,1.31
2023-05-16,1989.6507,1.35
2023-05-17,1981.9,1.35
2023-05-18,1958.2941,1.42
2023-05-19,1977.7358,1.46
2023-05-22,1969.9834,1.48
2023-05-23,1975.4855,1.44
2023-05-24,1959.9703,1.48
2023-05-25,1940.1062,1.58
2023-05-26,1946.2,1.57
2023-05-30,1959.3698,1.47
2023-05-31,1965.2,1.46
2023-06-01,1977.0397,1.45
2023-06-02,1947.5,1.51
2023-06-05,1961.8269,1.5
2023-06-06,1963.3357,1.5
2023-06-07,1943.6,1.58
2023-06-08,1964.8183,1.53
2023-06-09,1960.7466,1.55
2023-06-12,1959.6,1.56
2023-06-13,1943.4588,1.64
2023-06-14,1943.7,1.62
2023-06-15,1958.3113,1.51
2023-06-16,1958.2,1.55
2023-06-20,1936.9,1.52
2023-06-21,1934.2416,1.51
2023-06-22,1914.5721,1.56
2023-06-23,1920.2,1.53
2023-06-26,1921.7,1.54
2023-06-27,1913.7017,1.57
2023-06-28,1907.4425,1.53
2023-06-29,1908.2185,1.65
2023-06-30,1919.5693,1.59
2023-07-03,1921.6309,1.61
2023-07-05,1915.1017,1.69
2023-07-06,1911.8249,1.78
2023-07-07,1924.4,1.79
2023-07-10,1924.7537,1.76
2023-07-11,1932.2929,1.75
2023-07-12,1957.2314,1.6
2023-07-13,1960.5595,1.52
2023-07-14,1954.3,1.59
2023-07-17,1954.4,1.56
2023-07-18,1977.7,1.57
2023-07-19,1976.0923,1.53
2023-07-20,1968.752,1.5
2023-07-21,1960.8422,1.49
2023-07-24,1953.2125,1.48
2023-07-25,1964.6734,1.52
2023-07-26,1972.3652,1.5
2023-07-27,1947.4727,1.64
2023-07-28,1959.3565,1.58
2023-07-31,1964.3387,1.6
2023-08-01,1951.6,1.68
2023-08-02,1935.1,1.72
2023-08-03,1934.8,1.83
2023-08-04,1942.6774,1.67
2023-08-07,1936.4764,1.68
2023-08-08,1924.6,1.66
2023-08-09,1914.7,1.66
2023-08-10,1912.0496,1.76
2023-08-11,1913.1,1.8
2023-08-14,1907.1,1.83
2023-08-15,1901.5505,1.89
2023-08-16,1891.4,1.96
2023-08-17,1891.1041,1.97
2023-08-18,1889.5322,1.94
2023-08-21,1893.9697,2.0
2023-08-22,1897.4942,1.99
2023-08-23,1916.7181,1.84
2023-08-24,1916.4,1.91
2023-08-25,1914.8,1.92
2023-08-28,1920.8,1.9
2023-08-29,1935.7,1.83
2023-08-30,1942.0769,1.86
2023-08-31,1939.8281,1.85
2023-09-01,1939.8074,1.92
2023-09-05,1926.7786,1.98
2023-09-06,1915.7544,2.0
2023-09-07,1919.2429,1.95
2023-09-08,1919.0651,1.93
2023-09-11,1921.1,1.94
2023-09-12,1912.8,1.93
2023-09-13,1908.3985,1.9
2023-09-14,1909.5,1.95
2023-09-15,1923.9751,1.98
2023-09-18,1934.0997,1.96
2023-09-19,1930.651,2.0
2023-09-20,1929.4298,2.0
2023-09-21,1920.7,2.11
2023-09-22,1924.8,2.07
2023-09-25,1915.0,2.18
2023-09-26,1901.0703,2.23
2023-09-27,1876.3863,2.27
2023-09-28,1865.7358,2.2
2023-09-29,1848.4898,2.24
2023-10-02,1825.8402,2.34
2023-10-03,1822.6,2.45
2023-10-04,1822.6276,2.4
2023-10-05,1821.3811,2.41
2023-10-06,1832.3056,2.47
2023-10-10,1859.4,2.34
2023-10-11,1875.2827,2.26
2023-10-12,1870.0,2.36
2023-10-13,1932.5,2.29
2023-10-16,1919.4009,2.33
2023-10-17,1923.9,2.42
2023-10-18,1949.3089,2.47
2023-10-19,1976.2423,2.49
2023-10-20,1981.1286,2.46
2023-10-23,1972.3933,2.45
2023-10-24,1972.323,2.43
2023-10-25,1979.8811,2.52
2023-10-26,1984.3613,2.44
2023-10-27,2005.6,2.42
2023-10-30,1996.0976,2.44
2023-10-31,1984.0109,2.46
2023-11-01,1984.4608,2.36
2023-11-02,1984.1135,2.27
2023-11-03,1992.2804,2.18
2023-11-06,1977.7347,2.25
2023-11-07,1967.0,2.19
2023-11-08,1948.2094,2.15
2023-11-09,1958.319,2.29
2023-11-10,1938.084,2.29
2023-11-13,1945.8226,2.32
2023-11-14,1962.9172,2.16
2023-11-15,1959.3275,2.22
2023-11-16,1980.8,2.18
2023-11-17,1980.9275,2.16
2023-11-20,1973.3863,2.12
2023-11-24,2001.4347,2.21
2023-11-27,2001.9,2.18
2023-11-28,2014.4,2.12
2023-11-29,2043.7,2.06
2023-11-30,2044.8957,2.14
2023-12-01,2039.4,2.0
2023-12-04,2115.1,2.07
2023-12-05,2032.5466,2.01
2023-12-06,2017.6,1.98
2023-12-07,2028.3244,1.97
2023-12-08,2004.3314,2.02
2023-12-11,1981.5917,2.04
2023-12-12,1979.4815,2.04
2023-12-13,2027.367,1.88
2023-12-14,2036.3925,1.7
2023-12-15,2019.9096,1.69
2023-12-18,2027.2215,1.74
2023-12-19,2040.2438,1.74
2023-12-20,2031.5913,1.67
2023-12-21,2045.9144,1.7
2023-12-22,2053.2469,1.71
2023-12-26,2067.8311,1.71
2023-12-27,2077.2185,1.64
2023-12-28,2065.3903,1.68
2023-12-29,2062.9233,1.72
2024-01-02,2059.0028,1.74
2024-01-03,2041.3704,1.71
2024-01-04,2043.4165,1.77
2024-01-05,2045.6298,1.83
2024-01-08,2028.2268,1.79
2024-01-09,2030.1188,1.8
2024-01-10,2024.3192,1.82
2024-01-11,2028.6239,1.76
2024-01-12,2049.174,1.69
2024-01-16,2028.4449,1.77
2024-01-17,2006.33,1.8
2024-01-18,2023.1038,1.8
2024-01-19,2029.6244,1.81
2024-01-22,2021.7173,1.8
2024-01-23,2029.1878,1.85
2024-01-24,2014.0865,1.88
2024-01-25,2020.8981,1.85
2024-01-26,2018.5729,1.85
2024-01-29,2032.4088,1.78
2024-01-30,2036.7646,1.8
2024-01-31,2039.1538,1.73
2024-02-01,2054.7804,1.68
2024-02-02,2039.5759,1.82
2024-02-05,2024.8776,1.9
2024-02-06,2035.9405,1.85
2024-02-07,2035.0269,1.86
2024-02-08,2034.2279,1.91
2024-02-09,2024.3591,1.92
2024-02-12,2020.1173,1.93
2024-02-13,1992.8894,2.02
2024-02-14,1992.0557,1.97
2024-02-15,2004.0683,1.94
2024-02-16,2013.1418,1.97
2024-02-20,2024.3222,1.95
2024-02-21,2026.0469,1.98
2024-02-22,2024.3489,2.02
2024-02-23,2035.4784,1.96
2024-02-26,2031.3003,1.97
2024-02-27,2030.4919,1.99
2024-02-28,2034.499,1.94
2024-02-29,2044.1997,1.92
2024-03-01,2082.6413,1.87
2024-03-04,2114.2934,1.88
2024-03-05,2127.8362,1.81
2024-03-06,2148.1446,1.81
2024-03-07,2159.9135,1.81
2024-03-08,2178.8819,1.81
2024-03-11,2183.4919,1.83
2024-03-12,2157.1762,1.86
2024-03-13,2175.3767,1.89
2024-03-14,2161.7789,1.99
2024-03-15,2156.0553,1.99
2024-03-18,2160.0768,2.03
2024-03-19,2157.488,2.0
2024-03-20,2205.4267,1.96
2024-03-21,2181.5104,1.93
2024-03-22,2165.4677,1.87
2024-03-25,2171.8451,1.92
2024-03-26,2179.6037,1.92
2024-03-27,2194.7874,1.88
2024-03-28,2231.5562,1.88
2024-04-01,2251.2079,1.98
2024-04-02,2280.7098,2.0
2024-04-03,2297.414,2.0
2024-04-04,2289.456,1.97
2024-04-05,2330.0383,2.02
2024-04-08,2338.6944,2.04
2024-04-09,2354.4258,2.0
2024-04-10,2333.3847,2.15
2024-04-11,2335.2319,2.16
2024-04-12,2376.4428,2.11
2024-04-15,2364.0634,2.2
2024-04-16,2382.1406,2.24
2024-04-17,2382.5436,2.2
2024-04-18,2367.7213,2.24
2024-04-19,2379.8644,2.21
2024-04-22,2386.5964,2.21
2024-04-23,2333.4881,2.2
2024-04-24,2323.879,2.24
2024-04-25,2316.5469,2.28
2024-04-26,2330.914,2.24
2024-04-29,2336.3899,2.22
2024-04-30,2285.9886,2.28
2024-05-01,2322.5042,2.25
2024-05-02,2303.955,2.21
2024-05-03,2302.0974,2.15
2024-05-06,2323.9492,2.14
2024-05-07,2314.0702,2.15
2024-05-08,2308.4079,2.17
2024-05-09,2347.2415,2.13
2024-05-10,2360.5059,2.16
2024-05-13,2336.3312,2.15
2024-05-14,2355.6516,2.12
2024-05-15,2391.6436,2.05
2024-05-16,2378.4126,2.07
2024-05-17,2414.3276,2.1
2024-05-20,2426.5278,2.11
2024-05-21,2421.1785,2.09
2024-05-22,2378.8228,2.1
2024-05-23,2328.6167,2.17
2024-05-24,2334.1063,2.14
2024-05-28,2361.3308,2.2
2024-05-29,2338.3608,2.25
2024-05-30,2343.2566,2.19
2024-05-31,2327.2836,2.16
2024-06-03,2350.6541,2.08
2024-06-04,2328.7821,2.02
2024-06-05,2355.1467,1.99
2024-06-06,2375.8613,2.0
2024-06-07,2293.7792,2.13
2024-06-10,2310.9258,2.16
2024-06-11,2316.8528,2.12
2024-06-12,2324.6299,2.09
2024-06-13,2302.5877,2.03
2024-06-14,2332.8294,2.03
2024-06-17,2320.7941,2.06
2024-06-18,2328.6574,2.01
2024-06-20,2360.0129,2.0
2024-06-21,2321.4407,2.02
2024-06-24,2334.1581,2.03
2024-06-25,2319.5667,2.01
2024-06-26,2298.6141,2.06
2024-06-27,2327.7738,2.03
2024-06-28,2326.7177,2.08
2024-07-01,2332.2255,2.16
2024-07-02,2329.4928,2.13
2024-07-03,2356.2677,2.09
2024-07-05,2392.1342,2.0
2024-07-08,2359.097,2.01
2024-07-09,2365.2041,2.04
2024-07-10,2372.6481,2.01
2024-07-11,2415.3948,1.95
2024-07-12,2411.1695,1.94
2024-07-15,2422.3281,1.96
2024-07-16,2469.023,1.91
2024-07-17,2461.3476,1.9
2024-07-18,2443.57,1.89
2024-07-19,2400.6722,1.93
2024-07-22,2395.9441,1.96
2024-07-23,2409.5544,1.96
2024-07-24,2397.8659,2.0
2024-07-25,2364.2674,1.99
2024-07-26,2386.8314,1.93
2024-07-29,2381.579,1.92
2024-07-30,2409.6734,1.9
2024-07-31,2447.3573,1.85
2024-08-01,2446.3755,1.79
2024-08-02,2442.1993,1.76
2024-08-05,2409.7344,1.71
2024-08-06,2389.8632,1.78
2024-08-07,2384.9557,1.85
2024-08-08,2424.5422,1.87
2024-08-09,2431.1646,1.84
2024-08-12,2472.1573,1.79
2024-08-13,2465.1186,1.76
2024-08-14,2448.0583,1.77
2024-08-15,2457.2349,1.8
2024-08-16,2508.1389,1.81
2024-08-19,2504.2071,1.79
2024-08-20,2514.063,1.75
2024-08-21,2512.3987,1.72
2024-08-22,2487.0611,1.76
2024-08-23,2512.4492,1.68
2024-08-26,2516.6096,1.67
2024-08-27,2525.8553,1.68
2024-08-28,2504.5269,1.69
2024-08-29,2519.5644,1.71
2024-08-30,2503.3796,1.76
2024-09-03,2492.9512,1.73
2024-09-04,2495.6607,1.7
2024-09-05,2516.711,1.7
2024-09-06,2497.4214,1.69
2024-09-09,2506.9568,1.66
2024-09-10,2518.3874,1.63
2024-09-11,2512.3892,1.61
2024-09-12,2558.1565,1.63
2024-09-13,2578.948,1.58
2024-09-16,2583.7957,1.54
2024-09-17,2569.6372,1.53
2024-09-18,2559.3055,1.58
2024-09-19,2587.3255,1.56
2024-09-20,2622.2836,1.58
2024-09-23,2626.3504,1.58
2024-09-24,2657.7793,1.55
2024-09-25,2657.0729,1.61
2024-09-26,2672.332,1.63
2024-09-27,2658.4609,1.6
2024-09-30,2634.7649,1.63
2024-10-01,2663.6833,1.55
2024-10-02,2658.8178,1.58
2024-10-03,2656.0778,1.64
2024-10-04,2653.5475,1.75
2024-10-07,2643.5305,1.76
2024-10-08,2622.0086,1.77
2024-10-09,2608.4802,1.77
2024-10-10,2632.9093,1.76
2024-10-11,2656.9635,1.75
2024-10-15,2661.0395,1.75
2024-10-16,2673.8254,1.75
2024-10-17,2693.8494,1.79
2024-10-18,2721.6439,1.77
2024-10-21,2721.0847,1.88
2024-10-22,2747.1848,1.87
2024-10-23,2721.4217,1.93
2024-10-24,2734.5717,1.91
2024-10-25,2747.4981,1.96
2024-10-28,2743.522,1.99
2024-10-29,2775.0875,1.98
2024-10-30,2785.8723,1.95
2024-10-31,2746.7019,1.95
2024-11-01,2736.4198,2.04
2024-11-04,2736.6295,2.03
2024-11-05,2743.8456,1.99
2024-11-06,2659.2209,2.04
2024-11-07,2706.8581,1.98
2024-11-08,2684.5457,1.95
2024-11-12,2598.3677,2.08
2024-11-13,2572.9363,2.09
2024-11-14,2566.4853,2.1
2024-11-15,2563.3731,2.1
2024-11-18,2611.1212,2.08
2024-11-19,2630.3676,2.05
2024-11-20,2648.8242,2.06
2024-11-21,2671.0693,2.09
2024-11-22,2712.823,2.07
2024-11-25,2622.1643,1.98
2024-11-26,2628.4836,2.02
2024-11-27,2637.0619,1.99
2024-11-29,2651.2196,1.92
2024-12-02,2637.9656,1.93
2024-12-03,2648.8312,1.95
2024-12-04,2650.1158,1.9
2024-12-05,2631.6448,1.92
2024-12-06,2635.5878,1.91
2024-12-09,2664.1994,1.93
2024-12-10,2689.2641,1.93
2024-12-11,2716.2583,1.96
2024-12-12,2682.5956,2.0
2024-12-13,2655.3279,2.07
2024-12-16,2652.6817,2.07
2024-12-17,2646.3322,2.09
2024-12-18,2585.7299,2.18
2024-12-19,2594.4409,2.28
2024-12-20,2623.3843,2.23
2024-12-23,2613.0197,2.27
2024-12-24,2616.616,2.24
2024-12-26,2633.6582,2.23
2024-12-27,2621.9467,2.28
2024-12-30,2606.0805,2.24
2024-12-31,2624.603,2.24
2025-01-02,2657.8921,2.23
2025-01-03,2640.1664,2.26
2025-01-06,2635.8796,2.28
2025-01-07,2648.7119,2.29
2025-01-08,2661.5352,2.27
2025-01-09,2669.9489,2.29
2025-01-10,2689.3504,2.34
2025-01-13,2663.5202,2.34
2025-01-14,2677.2615,2.34
2025-01-15,2696.3117,2.24
2025-01-16,2714.6914,2.19
2025-01-17,2702.6863,2.2
2025-01-21,2744.8548,2.19
2025-01-22,2756.4194,2.2
2025-01-23,2754.8096,2.23
2025-01-24,2771.2884,2.2
2025-01-27,2740.5933,2.13
2025-01-28,2762.595,2.13
2025-01-29,2748.4572,2.15
2025-01-30,2793.4326,2.14
2025-01-31,2798.1969,2.16
2025-02-03,2814.6576,2.09
2025-02-04,2842.1445,2.08
2025-02-05,2867.3054,2.01
2025-02-06,2856.1636,2.03
2025-02-07,2861.2303,2.07
2025-02-10,2908.2026,2.07
2025-02-11,2898.0468,2.08
2025-02-12,2904.0769,2.16
2025-02-13,2928.4035,2.08
2025-02-14,2882.6253,2.04
2025-02-18,2935.3834,2.1
2025-02-19,2933.2524,2.08
2025-02-20,2939.361,2.05
2025-02-21,2936.1246,2.0
2025-02-24,2952.6091,1.98
2025-02-25,2915.2755,1.92
2025-02-26,2916.2851,1.89
2025-02-27,2877.1266,1.92
2025-02-28,2858.0493,1.86
2025-03-03,2890.1525,1.8
2025-03-04,2915.2267,1.87
2025-03-05,2919.137,1.94
2025-03-06,2911.1149,1.95
2025-03-07,2910.4035,1.99
2025-03-12,2932.3192,1.99
2025-03-13,2984.9454,1.98
2025-03-14,2983.8722,2.01
2025-03-17,3000.2145,2.02
2025-03-18,3036.4083,1.99
2025-03-19,3048.1114,1.94
2025-03-20,3045.2988,1.93
2025-03-21,3019.9847,1.92
2025-03-24,3005.9187,1.98
2025-03-25,3019.1596,1.96
2025-03-26,3017.5835,1.98
2025-03-27,3057.571,1.99
2025-03-28,3081.0327,1.9
2025-03-31,3123.0822,1.85
2025-04-01,3117.4647,1.84
2025-04-02,3125.9085,1.88
2025-04-03,3105.7444,1.78
2025-04-04,3034.1725,1.83
2025-04-07,2976.4299,1.96
2025-04-08,2976.3065,2.04
2025-04-09,3086.9965,2.07
2025-04-10,3187.2895,2.21
2025-04-11,3236.3507,2.28
2025-04-14,3211.9744,2.15
2025-04-15,3249.0222,2.16
2025-04-16,3350.8022,2.12
2025-04-17,3322.916,2.11
2025-04-21,3435.907,2.2
2025-04-22,3337.6222,2.14
2025-04-23,3314.2381,2.11
2025-04-24,3349.0349,2.02
2025-04-25,3319.0725,2.02
2025-04-28,3338.4077,1.98
2025-04-29,3317.2887,1.96
2025-04-30,3288.7814,1.94
2025-05-01,3237.2412,2.0
2025-05-02,3240.9921,2.06
2025-05-05,3333.889,2.08
2025-05-06,3397.9271,2.04
2025-05-07,3374.6821,2.01
2025-05-08,3318.5467,2.08
2025-05-09,3326.8128,2.08
2025-05-12,3234.9478,2.16
2025-05-13,3254.0855,2.17
2025-05-14,3184.7036,2.16
2025-05-15,3240.3147,2.11
2025-05-16,3202.7885,2.09
2025-05-19,3222.6202,2.1
2025-05-20,3291.4822,2.13
2025-05-21,3319.5682,2.23
2025-05-22,3294.7301,2.2
2025-05-23,3357.7441,2.18
2025-05-27,3310.0967,2.11
2025-05-28,3261.1267,2.15
2025-05-29,3317.5583,2.11
2025-05-30,3289.5548,2.07
2025-06-02,3385.8823,2.13
2025-06-03,3359.4418,2.14
2025-06-04,3377.8649,2.06
2025-06-05,3361.8984,2.11
2025-06-06,3311.05,2.2
2025-06-09,3327.5213,2.18
2025-06-10,3327.1449,2.18
2025-06-11,3361.8,2.14
2025-06-12,3386.6276,2.11
2025-06-13,3433.1581,2.13
2025-06-16,3401.135,2.16
2025-06-17,3387.1896,2.08
2025-06-18,3374.787,2.07
2025-06-20,3368.2624,2.05
2025-06-23,3345.5893,2.04
2025-06-24,3344.5795,2.01
2025-06-25,3324.7444,2.01
2025-06-26,3336.7813,1.98
2025-06-27,3274.1691,2.0
2025-06-30,3266.4101,1.95
2025-07-01,3311.8231,1.97
2025-07-02,3337.6168,2.0
2025-07-03,3345.5334,2.02
2025-07-11,3359.4136,2.06
2025-07-15,3340.9953,2.09
2025-07-16,3330.5524,2.05
2025-07-17,3346.0372,2.04
2025-07-18,3340.2365,2.03
2025-07-21,3348.7712,1.98
2025-07-22,3394.6879,1.96
2025-07-23,3429.3736,2.03
2025-07-24,3390.9514,1.98
2025-07-25,3369.2155,1.96
2025-07-28,3334.9563,1.98
2025-07-29,3314.1389,1.91
2025-07-30,3328.9391,1.96
2025-07-31,3285.7772,1.98
2025-08-01,3287.4948,1.9
2025-08-04,3377.283,1.85
2025-08-05,3378.3042,1.86
2025-08-06,3383.2532,1.88
2025-08-14,3335.4569,1.9
2025-08-20,3347.4204,1.94
2025-08-21,3337.962,1.94
2025-08-22,3374.6674,1.85
2025-08-25,3373.9558,1.87
2025-09-03,3547.005,1.82
2025-09-05,3586.6591,1.73
2025-09-09,3643.193,1.72
2025-09-10,3650.6477,1.69
2025-09-15,3660.7643,1.68
2025-09-16,3697.4454,1.67
2025-09-26,3759.5257,1.82
2025-10-02,3863.0323,1.76
2025-10-03,3882.9599,1.8
2025-10-06,3942.8835,1.84
2025-10-07,3962.8522,1.79
2025-10-09,3975.4635,1.8
